<batch_commands>
    <!-- <set_debug_level>1</set_debug_level> -->

    <create_trackpad>
        <name>TrackPad01</name>
        <xpos>300</xpos>
        <ypos>100</ypos>
        <cap_mode>mutual</cap_mode>
        <max_touches>2</max_touches>
        <buttons>60</buttons>
        <tx>6</tx>
        <rx>10</rx>
    </create_trackpad> 

    <delete_connections>TrackPad01</delete_connections>

    <!-- Make a manual connection -->
    <connect>
        <sensor>     <obj>TrackPad01</obj> <port>RX00</port>   </sensor>
       <controller> <obj>MSP0000</obj>     <port>CAP0.0</port> </controller>
    </connect>
    <connect>
        <sensor>     <obj>TrackPad01</obj> <port>TX00</port> </sensor>
        <controller> <obj>MSP0000</obj>    <port>CAP0.1</port> </controller>
    </connect>
    <connect>
        <sensor>     <obj>TrackPad01</obj> <port>RX04</port> </sensor>
        <controller> <obj>MSP0000</obj>    <port>CAP0.2</port> </controller>
    </connect>
    <connect>
        <sensor>     <obj>TrackPad01</obj> <port>TX01</port> </sensor>
        <controller> <obj>MSP0000</obj>    <port>CAP0.3</port> </controller>
    </connect>
    <connect>
        <sensor>     <obj>TrackPad01</obj> <port>RX01</port> </sensor>
        <controller> <obj>MSP0000</obj>    <port>CAP1.0</port> </controller>
    </connect>
    <connect>
        <sensor>     <obj>TrackPad01</obj> <port>TX02</port> </sensor>
        <controller> <obj>MSP0000</obj>    <port>CAP1.1</port> </controller>
    </connect>
    <connect>
        <sensor>     <obj>TrackPad01</obj> <port>RX05</port> </sensor>
        <controller> <obj>MSP0000</obj>    <port>CAP1.2</port> </controller>
    </connect>
    <connect>
        <sensor>     <obj>TrackPad01</obj> <port>TX03</port> </sensor>
        <controller> <obj>MSP0000</obj>    <port>CAP1.3</port> </controller>
    </connect>
    <connect>
        <sensor>     <obj>TrackPad01</obj> <port>RX02</port> </sensor>
        <controller> <obj>MSP0000</obj>    <port>CAP2.0</port> </controller>
    </connect>
    <connect>
        <sensor>     <obj>TrackPad01</obj> <port>TX04</port> </sensor>
        <controller> <obj>MSP0000</obj>    <port>CAP2.1</port> </controller>
    </connect>
    <connect>
        <sensor>     <obj>TrackPad01</obj> <port>RX06</port> </sensor>
        <controller> <obj>MSP0000</obj>    <port>CAP2.2</port> </controller>
    </connect>
    <connect>
        <sensor>     <obj>TrackPad01</obj> <port>RX08</port> </sensor>
        <controller> <obj>MSP0000</obj>    <port>CAP2.3</port> </controller>
    </connect>
    <connect>
        <sensor>     <obj>TrackPad01</obj> <port>RX03</port> </sensor>
        <controller> <obj>MSP0000</obj>    <port>CAP3.0</port> </controller>
    </connect>
    <connect>
        <sensor>     <obj>TrackPad01</obj> <port>TX05</port> </sensor>
        <controller> <obj>MSP0000</obj>    <port>CAP3.1</port> </controller>
    </connect>
    <connect>
        <sensor>     <obj>TrackPad01</obj> <port>RX07</port> </sensor>
        <controller> <obj>MSP0000</obj>    <port>CAP3.2</port> </controller>
    </connect>
    <connect>
        <sensor>     <obj>TrackPad01</obj> <port>RX09</port> </sensor>
        <controller> <obj>MSP0000</obj>    <port>CAP3.3</port> </controller>
    </connect>


    <lock_configuration>
        <sensor>TrackPad01</sensor>
        <value>true</value>
    </lock_configuration>

    <lock_configuration>
        <controller>MSP0000</controller>
        <value>true</value>
    </lock_configuration>

</batch_commands>



