<?xml version="1.0" encoding="UTF-8"?>
<TrackPadDevice>
    <deviceName>MSP430FR2633</deviceName>
    <sourceTemplate>MSP430FR26xx_25xx</sourceTemplate>
    <touchStepSize>128</touchStepSize>
    <enableNoiseImmunity>false</enableNoiseImmunity>
    <legalSensorTypes>
        <options>TrackPad</options>
    </legalSensorTypes>
    <timeEstimatorConstants>
        <caposc>16000000 14700000 13100000 11200000</caposc>
        <stabletime>320</stabletime>
    </timeEstimatorConstants>
    <initialConfigurationFile>design_config.xml</initialConfigurationFile>
    <package>
        <name>32rhb</name>
        <left>1 2 3 4 5 6 7 8</left>
        <bottom>9 10 11 12 13 14 15 16</bottom>
        <right>17 18 19 20 21 22 23 24</right>
        <top>25 26 27 28 29 30 31 32</top>
    </package>
    <ports>
        <RST>
            <pkgPin>1</pkgPin>
            <useMode>NOT_CAPTIVATE_PORT</useMode>
        </RST>
        <TEST>
            <pkgPin>2</pkgPin>
            <useMode>NOT_CAPTIVATE_PORT</useMode>
        </TEST>
        <P1.4>
            <pkgPin>3</pkgPin>
            <useMode>NOT_CAPTIVATE_PORT</useMode>
        </P1.4>
        <P1.5>
            <pkgPin>4</pkgPin>
            <useMode>NOT_CAPTIVATE_PORT</useMode>
        </P1.5>
        <P1.6>
            <pkgPin>5</pkgPin>
            <useMode>NOT_CAPTIVATE_PORT</useMode>
        </P1.6>
        <P1.7>
            <pkgPin>6</pkgPin>
            <useMode>NOT_CAPTIVATE_PORT</useMode>
        </P1.7>
        <P1.0>
            <pkgPin>7</pkgPin>
            <useMode>NOT_CAPTIVATE_PORT</useMode>
        </P1.0>
        <P1.1>
            <pkgPin>8</pkgPin>
            <useMode>NOT_CAPTIVATE_PORT</useMode>
        </P1.1>
        <P1.2>
            <pkgPin>9</pkgPin>
            <useMode>NOT_CAPTIVATE_PORT</useMode>
        </P1.2>
        <P1.3>
            <pkgPin>10</pkgPin>
            <useMode>NOT_CAPTIVATE_PORT</useMode>
        </P1.3>
        <P2.2>
            <pkgPin>11</pkgPin>
            <useMode>NOT_CAPTIVATE_PORT</useMode>
        </P2.2>
        <CAP0.0>
            <pkgPin>12</pkgPin>
            <sensBlock>B0</sensBlock>
            <capBlock>0</capBlock>
            <capPin>0</capPin>
        </CAP0.0>
        <CAP0.1>
            <pkgPin>13</pkgPin>
            <sensBlock>B1</sensBlock>
            <capBlock>0</capBlock>
            <capPin>1</capPin>
        </CAP0.1>
        <CAP0.2>
            <pkgPin>14</pkgPin>
            <sensBlock>B2</sensBlock>
            <capBlock>0</capBlock>
            <capPin>2</capPin>
        </CAP0.2>
        <CAP0.3>
            <pkgPin>15</pkgPin>
            <sensBlock>B3</sensBlock>
            <capBlock>0</capBlock>
            <capPin>3</capPin>
        </CAP0.3>
        <CAP1.0>
            <pkgPin>16</pkgPin>
            <sensBlock>B0</sensBlock>
            <capBlock>1</capBlock>
            <capPin>0</capPin>
        </CAP1.0>
        <CAP1.1>
            <pkgPin>17</pkgPin>
            <sensBlock>B1</sensBlock>
            <capBlock>1</capBlock>
            <capPin>1</capPin>
        </CAP1.1>
        <CAP1.2>
            <pkgPin>18</pkgPin>
            <sensBlock>B2</sensBlock>
            <capBlock>1</capBlock>
            <capPin>2</capPin>
        </CAP1.2>
        <CAP1.3>
            <pkgPin>19</pkgPin>
            <sensBlock>B3</sensBlock>
            <capBlock>1</capBlock>
            <capPin>3</capPin>
        </CAP1.3>
        <Vreg>
            <pkgPin>20</pkgPin>
            <useMode>NOT_CAPTIVATE_PORT</useMode>
        </Vreg>
        <CAP2.0>
            <pkgPin>21</pkgPin>
            <sensBlock>B0</sensBlock>
            <capBlock>2</capBlock>
            <capPin>0</capPin>
        </CAP2.0>
        <CAP2.1>
            <pkgPin>22</pkgPin>
            <sensBlock>B1</sensBlock>
            <capBlock>2</capBlock>
            <capPin>1</capPin>
        </CAP2.1>
        <CAP2.2>
            <pkgPin>23</pkgPin>
            <sensBlock>B2</sensBlock>
            <capBlock>2</capBlock>
            <capPin>2</capPin>
        </CAP2.2>
        <CAP2.3>
            <pkgPin>24</pkgPin>
            <sensBlock>B3</sensBlock>
            <capBlock>2</capBlock>
            <capPin>3</capPin>
        </CAP2.3>
        <CAP3.0>
            <pkgPin>25</pkgPin>
            <sensBlock>B0</sensBlock>
            <capBlock>3</capBlock>
            <capPin>0</capPin>
        </CAP3.0>
        <CAP3.1>
            <pkgPin>26</pkgPin>
            <sensBlock>B1</sensBlock>
            <capBlock>3</capBlock>
            <capPin>1</capPin>
        </CAP3.1>
        <CAP3.2>
            <pkgPin>27</pkgPin>
            <sensBlock>B2</sensBlock>
            <capBlock>3</capBlock>
            <capPin>2</capPin>
        </CAP3.2>
        <CAP3.3>
            <pkgPin>28</pkgPin>
            <sensBlock>B3</sensBlock>
            <capBlock>3</capBlock>
            <capPin>3</capPin>
        </CAP3.3>
        <P2.0>
            <pkgPin>29</pkgPin>
            <useMode>NOT_CAPTIVATE_PORT</useMode>
        </P2.0>
        <P2.1>
            <pkgPin>30</pkgPin>
            <useMode>NOT_CAPTIVATE_PORT</useMode>
        </P2.1>
        <DVSS>
            <pkgPin>31</pkgPin>
            <useMode>NOT_CAPTIVATE_PORT</useMode>
        </DVSS>
        <DVCC>
            <pkgPin>32</pkgPin>
            <useMode>NOT_CAPTIVATE_PORT</useMode>
        </DVCC>
    </ports>
</TrackPadDevice>
